timestamp,water_usage_liters
2025-03-10 08:00:00,0.47
2025-03-10 08:01:00,0.76
2025-03-10 08:02:00,1.07
2025-03-10 08:03:00,0.46
2025-03-10 08:04:00,0.41
2025-03-10 08:05:00,0.83
2025-03-10 08:06:00,0.48
2025-03-10 08:07:00,0.43
2025-03-10 08:08:00,0.82
2025-03-10 08:09:00,0.46
2025-03-10 08:10:00,0.63
2025-03-10 08:11:00,0.72
2025-03-10 08:12:00,0.4
2025-03-10 08:13:00,0.5
2025-03-10 08:14:00,0.4
2025-03-10 08:15:00,0.43
2025-03-10 08:16:00,0.78
2025-03-10 08:17:00,0.42
2025-03-10 08:18:00,0.41
2025-03-10 08:19:00,1.31
2025-03-10 08:20:00,0.95
2025-03-10 08:21:00,0.42
2025-03-10 08:22:00,0.4
2025-03-10 08:23:00,0.45
2025-03-10 08:24:00,0.46
2025-03-10 08:25:00,0.44
2025-03-10 08:26:00,0.53
2025-03-10 08:27:00,0.4
2025-03-10 08:28:00,0.44
2025-03-10 08:29:00,0.4
2025-03-10 08:30:00,0.71
2025-03-10 08:31:00,0.66
2025-03-10 08:32:00,0.67
2025-03-10 08:33:00,0.46
2025-03-10 08:34:00,0.94
2025-03-10 08:35:00,0.5
2025-03-10 08:36:00,0.42
2025-03-10 08:37:00,0.49
2025-03-10 08:38:00,0.4
2025-03-10 08:39:00,0.6
2025-03-10 08:40:00,0.76
2025-03-10 08:41:00,0.4
2025-03-10 08:42:00,0.45
2025-03-10 08:43:00,0.4
2025-03-10 08:44:00,0.58
2025-03-10 08:45:00,0.4
2025-03-10 08:46:00,0.46
2025-03-10 08:47:00,1.0
2025-03-10 08:48:00,0.61
2025-03-10 08:49:00,1.5
2025-03-10 08:50:00,0.51
2025-03-10 08:51:00,0.45
2025-03-10 08:52:00,0.43
2025-03-10 08:53:00,0.67
2025-03-10 08:54:00,0.69
2025-03-10 08:55:00,0.44
2025-03-10 08:56:00,1.0
2025-03-10 08:57:00,0.45
2025-03-10 08:58:00,0.69
2025-03-10 08:59:00,0.43
2025-03-11 08:00:00,0.47
2025-03-11 08:01:00,0.92
2025-03-11 08:02:00,0.41
2025-03-11 08:03:00,0.43
2025-03-11 08:04:00,0.43
2025-03-11 08:05:00,0.41
2025-03-11 08:06:00,0.41
2025-03-11 08:07:00,0.74
2025-03-11 08:08:00,0.73
2025-03-11 08:09:00,0.4
2025-03-11 08:10:00,0.4
2025-03-11 08:11:00,0.68
2025-03-11 08:12:00,0.49
2025-03-11 08:13:00,1.24
2025-03-11 08:14:00,0.41
2025-03-11 08:15:00,0.57
2025-03-11 08:16:00,0.88
2025-03-11 08:17:00,0.41
2025-03-11 08:18:00,0.42
2025-03-11 08:19:00,0.6
2025-03-11 08:20:00,0.51
2025-03-11 08:21:00,0.5
2025-03-11 08:22:00,0.63
2025-03-11 08:23:00,0.4
2025-03-11 08:24:00,0.53
2025-03-11 08:25:00,0.48
2025-03-11 08:26:00,0.84
2025-03-11 08:27:00,0.52
2025-03-11 08:28:00,0.65
2025-03-11 08:29:00,0.42
2025-03-11 08:30:00,0.67
2025-03-11 08:31:00,0.83
2025-03-11 08:32:00,0.94
2025-03-11 08:33:00,0.7
2025-03-11 08:34:00,1.0
2025-03-11 08:35:00,0.42
2025-03-11 08:36:00,0.4
2025-03-11 08:37:00,0.58
2025-03-11 08:38:00,0.58
2025-03-11 08:39:00,0.94
2025-03-11 08:40:00,1.25
2025-03-11 08:41:00,0.68
2025-03-11 08:42:00,0.4
2025-03-11 08:43:00,0.41
2025-03-11 08:44:00,0.43
2025-03-11 08:45:00,0.97
2025-03-11 08:46:00,0.42
2025-03-11 08:47:00,0.4
2025-03-11 08:48:00,0.4
2025-03-11 08:49:00,0.65
2025-03-11 08:50:00,0.58
2025-03-11 08:51:00,0.61
2025-03-11 08:52:00,0.68
2025-03-11 08:53:00,0.42
2025-03-11 08:54:00,0.86
2025-03-11 08:55:00,0.61
2025-03-11 08:56:00,0.42
2025-03-11 08:57:00,0.4
2025-03-11 08:58:00,0.64
2025-03-11 08:59:00,0.96
2025-03-12 08:00:00,0.95
2025-03-12 08:01:00,0.5
2025-03-12 08:02:00,0.4
2025-03-12 08:03:00,0.45
2025-03-12 08:04:00,0.84
2025-03-12 08:05:00,0.43
2025-03-12 08:06:00,0.6
2025-03-12 08:07:00,0.41
2025-03-12 08:08:00,0.44
2025-03-12 08:09:00,0.81
2025-03-12 08:10:00,0.45
2025-03-12 08:11:00,0.63
2025-03-12 08:12:00,0.53
2025-03-12 08:13:00,0.45
2025-03-12 08:14:00,0.5
2025-03-12 08:15:00,0.54
2025-03-12 08:16:00,0.42
2025-03-12 08:17:00,0.95
2025-03-12 08:18:00,0.69
2025-03-12 08:19:00,0.62
2025-03-12 08:20:00,0.51
2025-03-12 08:21:00,0.58
2025-03-12 08:22:00,0.43
2025-03-12 08:23:00,0.42
2025-03-12 08:24:00,0.57
2025-03-12 08:25:00,0.57
2025-03-12 08:26:00,0.42
2025-03-12 08:27:00,0.47
2025-03-12 08:28:00,0.4
2025-03-12 08:29:00,0.45
2025-03-12 08:30:00,0.84
2025-03-12 08:31:00,0.56
2025-03-12 08:32:00,0.51
2025-03-12 08:33:00,0.7
2025-03-12 08:34:00,0.53
2025-03-12 08:35:00,0.43
2025-03-12 08:36:00,0.4
2025-03-12 08:37:00,0.53
2025-03-12 08:38:00,1.09
2025-03-12 08:39:00,0.47
2025-03-12 08:40:00,0.45
2025-03-12 08:41:00,0.4
2025-03-12 08:42:00,1.25
2025-03-12 08:43:00,0.66
2025-03-12 08:44:00,0.4
2025-03-12 08:45:00,0.43
2025-03-12 08:46:00,0.4
2025-03-12 08:47:00,0.62
2025-03-12 08:48:00,1.26
2025-03-12 08:49:00,0.41
2025-03-12 08:50:00,0.44
2025-03-12 08:51:00,0.88
2025-03-12 08:52:00,0.83
2025-03-12 08:53:00,1.39
2025-03-12 08:54:00,0.41
2025-03-12 08:55:00,1.25
2025-03-12 08:56:00,0.41
2025-03-12 08:57:00,0.75
2025-03-12 08:58:00,0.4
2025-03-12 08:59:00,0.69
2025-03-13 08:00:00,0.63
2025-03-13 08:01:00,0.47
2025-03-13 08:02:00,0.41
2025-03-13 08:03:00,0.79
2025-03-13 08:04:00,0.55
2025-03-13 08:05:00,0.53
2025-03-13 08:06:00,0.46
2025-03-13 08:07:00,0.44
2025-03-13 08:08:00,0.6
2025-03-13 08:09:00,0.56
2025-03-13 08:10:00,0.47
2025-03-13 08:11:00,0.43
2025-03-13 08:12:00,0.55
2025-03-13 08:13:00,0.45
2025-03-13 08:14:00,0.43
2025-03-13 08:15:00,0.87
2025-03-13 08:16:00,0.42
2025-03-13 08:17:00,0.47
2025-03-13 08:18:00,0.42
2025-03-13 08:19:00,0.47
2025-03-13 08:20:00,1.06
2025-03-13 08:21:00,0.4
2025-03-13 08:22:00,0.46
2025-03-13 08:23:00,1.27
2025-03-13 08:24:00,0.76
2025-03-13 08:25:00,0.4
2025-03-13 08:26:00,0.42
2025-03-13 08:27:00,0.41
2025-03-13 08:28:00,0.56
2025-03-13 08:29:00,0.41
2025-03-13 08:30:00,1.6
2025-03-13 08:31:00,0.42
2025-03-13 08:32:00,0.93
2025-03-13 08:33:00,0.41
2025-03-13 08:34:00,0.4
2025-03-13 08:35:00,0.42
2025-03-13 08:36:00,0.47
2025-03-13 08:37:00,0.41
2025-03-13 08:38:00,0.45
2025-03-13 08:39:00,0.41
2025-03-13 08:40:00,0.45
2025-03-13 08:41:00,0.45
2025-03-13 08:42:00,0.4
2025-03-13 08:43:00,0.71
2025-03-13 08:44:00,1.06
2025-03-13 08:45:00,0.42
2025-03-13 08:46:00,0.46
2025-03-13 08:47:00,0.69
2025-03-13 08:48:00,0.53
2025-03-13 08:49:00,0.47
2025-03-13 08:50:00,0.75
2025-03-13 08:51:00,0.56
2025-03-13 08:52:00,0.56
2025-03-13 08:53:00,0.43
2025-03-13 08:54:00,0.41
2025-03-13 08:55:00,0.4
2025-03-13 08:56:00,0.84
2025-03-13 08:57:00,0.99
2025-03-13 08:58:00,0.66
2025-03-13 08:59:00,0.41
2025-03-14 08:00:00,0.42
2025-03-14 08:01:00,0.52
2025-03-14 08:02:00,0.4
2025-03-14 08:03:00,0.44
2025-03-14 08:04:00,0.54
2025-03-14 08:05:00,0.49
2025-03-14 08:06:00,0.54
2025-03-14 08:07:00,0.47
2025-03-14 08:08:00,0.42
2025-03-14 08:09:00,0.45
2025-03-14 08:10:00,0.74
2025-03-14 08:11:00,0.41
2025-03-14 08:12:00,0.5
2025-03-14 08:13:00,0.4
2025-03-14 08:14:00,0.5
2025-03-14 08:15:00,0.41
2025-03-14 08:16:00,0.5
2025-03-14 08:17:00,0.51
2025-03-14 08:18:00,0.44
2025-03-14 08:19:00,0.49
2025-03-14 08:20:00,0.4
2025-03-14 08:21:00,0.56
2025-03-14 08:22:00,0.45
2025-03-14 08:23:00,0.73
2025-03-14 08:24:00,0.4
2025-03-14 08:25:00,0.95
2025-03-14 08:26:00,0.42
2025-03-14 08:27:00,0.55
2025-03-14 08:28:00,0.4
2025-03-14 08:29:00,0.46
2025-03-14 08:30:00,0.47
2025-03-14 08:31:00,0.4
2025-03-14 08:32:00,0.72
2025-03-14 08:33:00,0.46
2025-03-14 08:34:00,0.4
2025-03-14 08:35:00,0.71
2025-03-14 08:36:00,0.4
2025-03-14 08:37:00,0.51
2025-03-14 08:38:00,0.6
2025-03-14 08:39:00,0.58
2025-03-14 08:40:00,0.44
2025-03-14 08:41:00,0.46
2025-03-14 08:42:00,0.42
2025-03-14 08:43:00,0.74
2025-03-14 08:44:00,0.54
2025-03-14 08:45:00,0.64
2025-03-14 08:46:00,0.54
2025-03-14 08:47:00,0.41
2025-03-14 08:48:00,0.67
2025-03-14 08:49:00,0.4
2025-03-14 08:50:00,0.41
2025-03-14 08:51:00,0.57
2025-03-14 08:52:00,0.49
2025-03-14 08:53:00,0.79
2025-03-14 08:54:00,0.51
2025-03-14 08:55:00,0.82
2025-03-14 08:56:00,0.43
2025-03-14 08:57:00,0.82
2025-03-14 08:58:00,0.45
2025-03-14 08:59:00,1.02
2025-03-15 08:00:00,0.43
2025-03-15 08:01:00,0.63
2025-03-15 08:02:00,0.94
2025-03-15 08:03:00,0.53
2025-03-15 08:04:00,0.48
2025-03-15 08:05:00,1.2
2025-03-15 08:06:00,0.46
2025-03-15 08:07:00,0.74
2025-03-15 08:08:00,0.4
2025-03-15 08:09:00,0.41
2025-03-15 08:10:00,0.92
2025-03-15 08:11:00,0.78
2025-03-15 08:12:00,0.4
2025-03-15 08:13:00,0.41
2025-03-15 08:14:00,0.87
2025-03-15 08:15:00,0.41
2025-03-15 08:16:00,0.44
2025-03-15 08:17:00,0.51
2025-03-15 08:18:00,1.2
2025-03-15 08:19:00,0.41
2025-03-15 08:20:00,0.41
2025-03-15 08:21:00,0.81
2025-03-15 08:22:00,0.61
2025-03-15 08:23:00,0.45
2025-03-15 08:24:00,0.51
2025-03-15 08:25:00,0.47
2025-03-15 08:26:00,0.4
2025-03-15 08:27:00,0.41
2025-03-15 08:28:00,0.4
2025-03-15 08:29:00,1.14
2025-03-15 08:30:00,0.65
2025-03-15 08:31:00,0.81
2025-03-15 08:32:00,0.83
2025-03-15 08:33:00,0.56
2025-03-15 08:34:00,0.55
2025-03-15 08:35:00,0.44
2025-03-15 08:36:00,0.5
2025-03-15 08:37:00,0.4
2025-03-15 08:38:00,0.85
2025-03-15 08:39:00,0.73
2025-03-15 08:40:00,0.47
2025-03-15 08:41:00,0.57
2025-03-15 08:42:00,0.6
2025-03-15 08:43:00,1.3
2025-03-15 08:44:00,0.49
2025-03-15 08:45:00,0.44
2025-03-15 08:46:00,0.6
2025-03-15 08:47:00,0.45
2025-03-15 08:48:00,0.78
2025-03-15 08:49:00,0.63
2025-03-15 08:50:00,0.4
2025-03-15 08:51:00,0.63
2025-03-15 08:52:00,0.41
2025-03-15 08:53:00,0.4
2025-03-15 08:54:00,0.4
2025-03-15 08:55:00,0.45
2025-03-15 08:56:00,0.61
2025-03-15 08:57:00,0.4
2025-03-15 08:58:00,0.48
2025-03-15 08:59:00,0.44
2025-03-16 08:00:00,0.4
2025-03-16 08:01:00,0.46
2025-03-16 08:02:00,0.51
2025-03-16 08:03:00,0.9
2025-03-16 08:04:00,0.48
2025-03-16 08:05:00,0.61
2025-03-16 08:06:00,0.79
2025-03-16 08:07:00,0.4
2025-03-16 08:08:00,0.56
2025-03-16 08:09:00,0.42
2025-03-16 08:10:00,0.41
2025-03-16 08:11:00,1.23
2025-03-16 08:12:00,0.52
2025-03-16 08:13:00,0.71
2025-03-16 08:14:00,0.47
2025-03-16 08:15:00,0.4
2025-03-16 08:16:00,0.48
2025-03-16 08:17:00,0.4
2025-03-16 08:18:00,0.57
2025-03-16 08:19:00,0.56
2025-03-16 08:20:00,0.41
2025-03-16 08:21:00,0.5
2025-03-16 08:22:00,1.61
2025-03-16 08:23:00,0.55
2025-03-16 08:24:00,0.67
2025-03-16 08:25:00,0.4
2025-03-16 08:26:00,0.51
2025-03-16 08:27:00,0.4
2025-03-16 08:28:00,0.48
2025-03-16 08:29:00,0.45
2025-03-16 08:30:00,0.45
2025-03-16 08:31:00,0.78
2025-03-16 08:32:00,0.43
2025-03-16 08:33:00,0.46
2025-03-16 08:34:00,0.46
2025-03-16 08:35:00,0.45
2025-03-16 08:36:00,0.64
2025-03-16 08:37:00,0.41
2025-03-16 08:38:00,0.64
2025-03-16 08:39:00,0.61
2025-03-16 08:40:00,0.41
2025-03-16 08:41:00,0.4
2025-03-16 08:42:00,0.42
2025-03-16 08:43:00,0.41
2025-03-16 08:44:00,0.56
2025-03-16 08:45:00,0.41
2025-03-16 08:46:00,0.4
2025-03-16 08:47:00,0.57
2025-03-16 08:48:00,0.55
2025-03-16 08:49:00,0.79
2025-03-16 08:50:00,0.58
2025-03-16 08:51:00,0.42
2025-03-16 08:52:00,0.53
2025-03-16 08:53:00,0.86
2025-03-16 08:54:00,0.46
2025-03-16 08:55:00,0.49
2025-03-16 08:56:00,0.55
2025-03-16 08:57:00,0.65
2025-03-16 08:58:00,0.77
2025-03-16 08:59:00,0.53
2025-03-17 08:00:00,0.41
2025-03-17 08:01:00,0.4
2025-03-17 08:02:00,0.41
2025-03-17 08:03:00,0.86
2025-03-17 08:04:00,0.74
2025-03-17 08:05:00,0.44
2025-03-17 08:06:00,0.4
2025-03-17 08:07:00,0.45
2025-03-17 08:08:00,0.42
2025-03-17 08:09:00,0.47
2025-03-17 08:10:00,0.4
2025-03-17 08:11:00,0.4
2025-03-17 08:12:00,0.56
2025-03-17 08:13:00,0.45
2025-03-17 08:14:00,0.5
2025-03-17 08:15:00,0.57
2025-03-17 08:16:00,0.73
2025-03-17 08:17:00,1.14
2025-03-17 08:18:00,0.4
2025-03-17 08:19:00,0.41
2025-03-17 08:20:00,0.98
2025-03-17 08:21:00,0.89
2025-03-17 08:22:00,0.41
2025-03-17 08:23:00,0.42
2025-03-17 08:24:00,0.4
2025-03-17 08:25:00,0.66
2025-03-17 08:26:00,0.74
2025-03-17 08:27:00,0.91
2025-03-17 08:28:00,0.58
2025-03-17 08:29:00,0.72
2025-03-17 08:30:00,0.46
2025-03-17 08:31:00,0.61
2025-03-17 08:32:00,0.57
2025-03-17 08:33:00,0.58
2025-03-17 08:34:00,0.63
2025-03-17 08:35:00,0.47
2025-03-17 08:36:00,0.41
2025-03-17 08:37:00,1.26
2025-03-17 08:38:00,0.46
2025-03-17 08:39:00,0.57
2025-03-17 08:40:00,0.41
2025-03-17 08:41:00,0.57
2025-03-17 08:42:00,0.41
2025-03-17 08:43:00,0.69
2025-03-17 08:44:00,1.16
2025-03-17 08:45:00,0.67
2025-03-17 08:46:00,0.48
2025-03-17 08:47:00,0.42
2025-03-17 08:48:00,1.26
2025-03-17 08:49:00,0.5
2025-03-17 08:50:00,0.42
2025-03-17 08:51:00,0.46
2025-03-17 08:52:00,0.41
2025-03-17 08:53:00,0.59
2025-03-17 08:54:00,0.41
2025-03-17 08:55:00,0.79
2025-03-17 08:56:00,0.46
2025-03-17 08:57:00,0.41
2025-03-17 08:58:00,0.42
2025-03-17 08:59:00,1.32
2025-03-18 08:00:00,0.47
2025-03-18 08:01:00,0.53
2025-03-18 08:02:00,0.82
2025-03-18 08:03:00,0.58
2025-03-18 08:04:00,0.46
2025-03-18 08:05:00,0.6
2025-03-18 08:06:00,0.57
2025-03-18 08:07:00,0.4
2025-03-18 08:08:00,0.44
2025-03-18 08:09:00,0.7
2025-03-18 08:10:00,0.94
2025-03-18 08:11:00,0.55
2025-03-18 08:12:00,0.43
2025-03-18 08:13:00,0.52
2025-03-18 08:14:00,0.41
2025-03-18 08:15:00,1.1
2025-03-18 08:16:00,0.81
2025-03-18 08:17:00,0.61
2025-03-18 08:18:00,0.61
2025-03-18 08:19:00,0.7
2025-03-18 08:20:00,0.56
2025-03-18 08:21:00,0.63
2025-03-18 08:22:00,1.0
2025-03-18 08:23:00,0.63
2025-03-18 08:24:00,0.72
2025-03-18 08:25:00,0.4
2025-03-18 08:26:00,0.6
2025-03-18 08:27:00,0.41
2025-03-18 08:28:00,0.41
2025-03-18 08:29:00,0.4
2025-03-18 08:30:00,0.41
2025-03-18 08:31:00,1.6
2025-03-18 08:32:00,0.59
2025-03-18 08:33:00,0.42
2025-03-18 08:34:00,0.42
2025-03-18 08:35:00,0.42
2025-03-18 08:36:00,0.42
2025-03-18 08:37:00,0.44
2025-03-18 08:38:00,0.4
2025-03-18 08:39:00,0.44
2025-03-18 08:40:00,0.95
2025-03-18 08:41:00,0.4
2025-03-18 08:42:00,0.62
2025-03-18 08:43:00,0.4
2025-03-18 08:44:00,0.41
2025-03-18 08:45:00,0.41
2025-03-18 08:46:00,0.67
2025-03-18 08:47:00,0.5
2025-03-18 08:48:00,0.48
2025-03-18 08:49:00,0.44
2025-03-18 08:50:00,0.43
2025-03-18 08:51:00,0.47
2025-03-18 08:52:00,0.69
2025-03-18 08:53:00,0.43
2025-03-18 08:54:00,0.47
2025-03-18 08:55:00,0.4
2025-03-18 08:56:00,0.42
2025-03-18 08:57:00,0.62
2025-03-18 08:58:00,0.43
2025-03-18 08:59:00,0.48
2025-03-19 08:00:00,0.42
2025-03-19 08:01:00,0.77
2025-03-19 08:02:00,0.53
2025-03-19 08:03:00,0.74
2025-03-19 08:04:00,0.81
2025-03-19 08:05:00,0.56
2025-03-19 08:06:00,0.75
2025-03-19 08:07:00,0.72
2025-03-19 08:08:00,0.47
2025-03-19 08:09:00,0.41
2025-03-19 08:10:00,0.55
2025-03-19 08:11:00,0.41
2025-03-19 08:12:00,0.44
2025-03-19 08:13:00,0.4
2025-03-19 08:14:00,0.72
2025-03-19 08:15:00,0.53
2025-03-19 08:16:00,0.5
2025-03-19 08:17:00,0.48
2025-03-19 08:18:00,0.45
2025-03-19 08:19:00,0.45
2025-03-19 08:20:00,0.81
2025-03-19 08:21:00,0.48
2025-03-19 08:22:00,0.43
2025-03-19 08:23:00,0.4
2025-03-19 08:24:00,0.53
2025-03-19 08:25:00,0.41
2025-03-19 08:26:00,0.41
2025-03-19 08:27:00,0.44
2025-03-19 08:28:00,0.48
2025-03-19 08:29:00,0.74
2025-03-19 08:30:00,0.63
2025-03-19 08:31:00,0.61
2025-03-19 08:32:00,0.4
2025-03-19 08:33:00,0.56
2025-03-19 08:34:00,0.45
2025-03-19 08:35:00,0.4
2025-03-19 08:36:00,0.42
2025-03-19 08:37:00,0.49
2025-03-19 08:38:00,0.4
2025-03-19 08:39:00,0.79
2025-03-19 08:40:00,0.4
2025-03-19 08:41:00,0.41
2025-03-19 08:42:00,0.5
2025-03-19 08:43:00,0.63
2025-03-19 08:44:00,0.45
2025-03-19 08:45:00,0.95
2025-03-19 08:46:00,0.64
2025-03-19 08:47:00,0.42
2025-03-19 08:48:00,0.4
2025-03-19 08:49:00,0.78
2025-03-19 08:50:00,0.44
2025-03-19 08:51:00,0.4
2025-03-19 08:52:00,0.54
2025-03-19 08:53:00,0.55
2025-03-19 08:54:00,0.44
2025-03-19 08:55:00,1.11
2025-03-19 08:56:00,0.4
2025-03-19 08:57:00,0.44
2025-03-19 08:58:00,0.46
2025-03-19 08:59:00,0.5
2025-03-20 08:00:00,0.45
2025-03-20 08:01:00,0.41
2025-03-20 08:02:00,0.42
2025-03-20 08:03:00,0.69
2025-03-20 08:04:00,0.88
2025-03-20 08:05:00,1.37
2025-03-20 08:06:00,0.71
2025-03-20 08:07:00,0.41
2025-03-20 08:08:00,0.54
2025-03-20 08:09:00,0.4
2025-03-20 08:10:00,0.52
2025-03-20 08:11:00,0.55
2025-03-20 08:12:00,0.62
2025-03-20 08:13:00,0.78
2025-03-20 08:14:00,0.61
2025-03-20 08:15:00,0.41
2025-03-20 08:16:00,0.4
2025-03-20 08:17:00,0.48
2025-03-20 08:18:00,0.41
2025-03-20 08:19:00,0.56
2025-03-20 08:20:00,0.41
2025-03-20 08:21:00,0.63
2025-03-20 08:22:00,0.4
2025-03-20 08:23:00,0.41
2025-03-20 08:24:00,0.45
2025-03-20 08:25:00,0.41
2025-03-20 08:26:00,0.41
2025-03-20 08:27:00,0.53
2025-03-20 08:28:00,0.66
2025-03-20 08:29:00,0.51
2025-03-20 08:30:00,0.42
2025-03-20 08:31:00,0.5
2025-03-20 08:32:00,0.45
2025-03-20 08:33:00,0.48
2025-03-20 08:34:00,0.42
2025-03-20 08:35:00,1.41
2025-03-20 08:36:00,0.45
2025-03-20 08:37:00,0.48
2025-03-20 08:38:00,0.44
2025-03-20 08:39:00,1.29
2025-03-20 08:40:00,0.4
2025-03-20 08:41:00,0.4
2025-03-20 08:42:00,0.73
2025-03-20 08:43:00,0.76
2025-03-20 08:44:00,1.28
2025-03-20 08:45:00,0.53
2025-03-20 08:46:00,0.49
2025-03-20 08:47:00,0.72
2025-03-20 08:48:00,0.4
2025-03-20 08:49:00,0.74
2025-03-20 08:50:00,0.66
2025-03-20 08:51:00,0.4
2025-03-20 08:52:00,0.41
2025-03-20 08:53:00,0.52
2025-03-20 08:54:00,1.57
2025-03-20 08:55:00,0.79
2025-03-20 08:56:00,0.78
2025-03-20 08:57:00,0.44
2025-03-20 08:58:00,0.5
2025-03-20 08:59:00,0.66
2025-03-21 08:00:00,0.71
2025-03-21 08:01:00,0.55
2025-03-21 08:02:00,0.77
2025-03-21 08:03:00,0.55
2025-03-21 08:04:00,0.84
2025-03-21 08:05:00,0.78
2025-03-21 08:06:00,1.39
2025-03-21 08:07:00,0.6
2025-03-21 08:08:00,0.47
2025-03-21 08:09:00,1.08
2025-03-21 08:10:00,0.41
2025-03-21 08:11:00,0.53
2025-03-21 08:12:00,0.52
2025-03-21 08:13:00,0.6
2025-03-21 08:14:00,0.44
2025-03-21 08:15:00,0.84
2025-03-21 08:16:00,0.56
2025-03-21 08:17:00,0.42
2025-03-21 08:18:00,0.68
2025-03-21 08:19:00,0.51
2025-03-21 08:20:00,0.75
2025-03-21 08:21:00,0.42
2025-03-21 08:22:00,0.49
2025-03-21 08:23:00,0.5
2025-03-21 08:24:00,0.48
2025-03-21 08:25:00,1.05
2025-03-21 08:26:00,0.49
2025-03-21 08:27:00,0.96
2025-03-21 08:28:00,0.8
2025-03-21 08:29:00,0.45
2025-03-21 08:30:00,0.8
2025-03-21 08:31:00,0.41
2025-03-21 08:32:00,0.51
2025-03-21 08:33:00,0.49
2025-03-21 08:34:00,0.68
2025-03-21 08:35:00,0.85
2025-03-21 08:36:00,0.85
2025-03-21 08:37:00,0.59
2025-03-21 08:38:00,0.77
2025-03-21 08:39:00,0.4
2025-03-21 08:40:00,0.63
2025-03-21 08:41:00,0.44
2025-03-21 08:42:00,0.47
2025-03-21 08:43:00,0.73
2025-03-21 08:44:00,0.58
2025-03-21 08:45:00,0.42
2025-03-21 08:46:00,0.45
2025-03-21 08:47:00,0.44
2025-03-21 08:48:00,0.4
2025-03-21 08:49:00,1.15
2025-03-21 08:50:00,0.4
2025-03-21 08:51:00,0.42
2025-03-21 08:52:00,0.46
2025-03-21 08:53:00,0.52
2025-03-21 08:54:00,0.44
2025-03-21 08:55:00,0.55
2025-03-21 08:56:00,0.94
2025-03-21 08:57:00,0.42
2025-03-21 08:58:00,0.42
2025-03-21 08:59:00,0.41
2025-03-22 08:00:00,0.43
2025-03-22 08:01:00,0.59
2025-03-22 08:02:00,0.45
2025-03-22 08:03:00,0.7
2025-03-22 08:04:00,0.49
2025-03-22 08:05:00,0.48
2025-03-22 08:06:00,0.5
2025-03-22 08:07:00,1.03
2025-03-22 08:08:00,0.41
2025-03-22 08:09:00,0.43
2025-03-22 08:10:00,0.44
2025-03-22 08:11:00,0.41
2025-03-22 08:12:00,0.4
2025-03-22 08:13:00,1.24
2025-03-22 08:14:00,0.58
2025-03-22 08:15:00,0.4
2025-03-22 08:16:00,0.4
2025-03-22 08:17:00,0.6
2025-03-22 08:18:00,0.75
2025-03-22 08:19:00,0.51
2025-03-22 08:20:00,0.66
2025-03-22 08:21:00,0.41
2025-03-22 08:22:00,0.41
2025-03-22 08:23:00,0.4
2025-03-22 08:24:00,0.42
2025-03-22 08:25:00,0.95
2025-03-22 08:26:00,0.43
2025-03-22 08:27:00,0.41
2025-03-22 08:28:00,0.69
2025-03-22 08:29:00,0.42
2025-03-22 08:30:00,0.51
2025-03-22 08:31:00,0.86
2025-03-22 08:32:00,1.3
2025-03-22 08:33:00,0.5
2025-03-22 08:34:00,0.41
2025-03-22 08:35:00,0.42
2025-03-22 08:36:00,0.55
2025-03-22 08:37:00,0.45
2025-03-22 08:38:00,0.72
2025-03-22 08:39:00,0.65
2025-03-22 08:40:00,0.89
2025-03-22 08:41:00,0.4
2025-03-22 08:42:00,0.45
2025-03-22 08:43:00,0.79
2025-03-22 08:44:00,0.99
2025-03-22 08:45:00,0.53
2025-03-22 08:46:00,0.73
2025-03-22 08:47:00,0.41
2025-03-22 08:48:00,0.54
2025-03-22 08:49:00,0.61
2025-03-22 08:50:00,0.51
2025-03-22 08:51:00,0.41
2025-03-22 08:52:00,0.95
2025-03-22 08:53:00,0.91
2025-03-22 08:54:00,0.42
2025-03-22 08:55:00,0.62
2025-03-22 08:56:00,1.17
2025-03-22 08:57:00,0.48
2025-03-22 08:58:00,0.66
2025-03-22 08:59:00,0.77
2025-03-23 08:00:00,0.7
2025-03-23 08:01:00,0.44
2025-03-23 08:02:00,0.58
2025-03-23 08:03:00,0.43
2025-03-23 08:04:00,0.4
2025-03-23 08:05:00,0.4
2025-03-23 08:06:00,0.64
2025-03-23 08:07:00,0.48
2025-03-23 08:08:00,0.99
2025-03-23 08:09:00,0.57
2025-03-23 08:10:00,0.45
2025-03-23 08:11:00,0.89
2025-03-23 08:12:00,0.4
2025-03-23 08:13:00,0.52
2025-03-23 08:14:00,0.41
2025-03-23 08:15:00,0.44
2025-03-23 08:16:00,1.25
2025-03-23 08:17:00,0.41
2025-03-23 08:18:00,1.57
2025-03-23 08:19:00,0.41
2025-03-23 08:20:00,0.55
2025-03-23 08:21:00,0.64
2025-03-23 08:22:00,0.41
2025-03-23 08:23:00,0.66
2025-03-23 08:24:00,0.7
2025-03-23 08:25:00,0.7
2025-03-23 08:26:00,0.41
2025-03-23 08:27:00,0.74
2025-03-23 08:28:00,0.46
2025-03-23 08:29:00,0.92
2025-03-23 08:30:00,0.41
2025-03-23 08:31:00,0.4
2025-03-23 08:32:00,0.42
2025-03-23 08:33:00,0.44
2025-03-23 08:34:00,0.53
2025-03-23 08:35:00,0.55
2025-03-23 08:36:00,0.41
2025-03-23 08:37:00,0.52
2025-03-23 08:38:00,0.5
2025-03-23 08:39:00,0.41
2025-03-23 08:40:00,0.78
2025-03-23 08:41:00,0.51
2025-03-23 08:42:00,0.4
2025-03-23 08:43:00,0.45
2025-03-23 08:44:00,0.4
2025-03-23 08:45:00,0.95
2025-03-23 08:46:00,0.44
2025-03-23 08:47:00,0.41
2025-03-23 08:48:00,0.83
2025-03-23 08:49:00,0.44
2025-03-23 08:50:00,0.51
2025-03-23 08:51:00,0.6
2025-03-23 08:52:00,0.4
2025-03-23 08:53:00,0.5
2025-03-23 08:54:00,0.59
2025-03-23 08:55:00,0.43
2025-03-23 08:56:00,0.6
2025-03-23 08:57:00,0.4
2025-03-23 08:58:00,0.71
2025-03-23 08:59:00,0.84
2025-03-24 08:00:00,0.4
2025-03-24 08:01:00,0.55
2025-03-24 08:02:00,0.76
2025-03-24 08:03:00,0.63
2025-03-24 08:04:00,0.77
2025-03-24 08:05:00,0.46
2025-03-24 08:06:00,0.4
2025-03-24 08:07:00,0.91
2025-03-24 08:08:00,0.4
2025-03-24 08:09:00,0.4
2025-03-24 08:10:00,0.72
2025-03-24 08:11:00,0.57
2025-03-24 08:12:00,1.0
2025-03-24 08:13:00,0.47
2025-03-24 08:14:00,0.44
2025-03-24 08:15:00,0.7
2025-03-24 08:16:00,1.1
2025-03-24 08:17:00,0.52
2025-03-24 08:18:00,0.4
2025-03-24 08:19:00,0.56
2025-03-24 08:20:00,0.59
2025-03-24 08:21:00,0.43
2025-03-24 08:22:00,0.91
2025-03-24 08:23:00,0.75
2025-03-24 08:24:00,0.62
2025-03-24 08:25:00,0.75
2025-03-24 08:26:00,0.44
2025-03-24 08:27:00,0.45
2025-03-24 08:28:00,0.42
2025-03-24 08:29:00,0.4
2025-03-24 08:30:00,0.54
2025-03-24 08:31:00,0.61
2025-03-24 08:32:00,0.48
2025-03-24 08:33:00,0.43
2025-03-24 08:34:00,1.03
2025-03-24 08:35:00,0.42
2025-03-24 08:36:00,0.41
2025-03-24 08:37:00,0.48
2025-03-24 08:38:00,0.78
2025-03-24 08:39:00,0.48
2025-03-24 08:40:00,0.4
2025-03-24 08:41:00,0.41
2025-03-24 08:42:00,0.48
2025-03-24 08:43:00,0.44
2025-03-24 08:44:00,1.0
2025-03-24 08:45:00,1.3
2025-03-24 08:46:00,1.05
2025-03-24 08:47:00,0.42
2025-03-24 08:48:00,0.47
2025-03-24 08:49:00,0.62
2025-03-24 08:50:00,1.08
2025-03-24 08:51:00,0.48
2025-03-24 08:52:00,0.51
2025-03-24 08:53:00,0.54
2025-03-24 08:54:00,0.5
2025-03-24 08:55:00,0.54
2025-03-24 08:56:00,0.73
2025-03-24 08:57:00,1.11
2025-03-24 08:58:00,0.49
2025-03-24 08:59:00,1.1
2025-03-25 08:00:00,0.51
2025-03-25 08:01:00,0.54
2025-03-25 08:02:00,0.49
2025-03-25 08:03:00,0.42
2025-03-25 08:04:00,0.66
2025-03-25 08:05:00,0.41
2025-03-25 08:06:00,0.45
2025-03-25 08:07:00,0.4
2025-03-25 08:08:00,0.71
2025-03-25 08:09:00,0.49
2025-03-25 08:10:00,1.17
2025-03-25 08:11:00,1.2
2025-03-25 08:12:00,0.52
2025-03-25 08:13:00,0.41
2025-03-25 08:14:00,0.4
2025-03-25 08:15:00,1.06
2025-03-25 08:16:00,0.5
2025-03-25 08:17:00,0.47
2025-03-25 08:18:00,0.44
2025-03-25 08:19:00,0.41
2025-03-25 08:20:00,0.47
2025-03-25 08:21:00,0.53
2025-03-25 08:22:00,0.6
2025-03-25 08:23:00,0.59
2025-03-25 08:24:00,0.87
2025-03-25 08:25:00,0.68
2025-03-25 08:26:00,0.43
2025-03-25 08:27:00,0.51
2025-03-25 08:28:00,0.71
2025-03-25 08:29:00,0.41
2025-03-25 08:30:00,0.59
2025-03-25 08:31:00,0.79
2025-03-25 08:32:00,0.4
2025-03-25 08:33:00,0.53
2025-03-25 08:34:00,0.51
2025-03-25 08:35:00,1.51
2025-03-25 08:36:00,0.41
2025-03-25 08:37:00,0.54
2025-03-25 08:38:00,0.49
2025-03-25 08:39:00,0.51
2025-03-25 08:40:00,1.13
2025-03-25 08:41:00,0.47
2025-03-25 08:42:00,0.44
2025-03-25 08:43:00,0.4
2025-03-25 08:44:00,0.4
2025-03-25 08:45:00,0.41
2025-03-25 08:46:00,0.92
2025-03-25 08:47:00,0.57
2025-03-25 08:48:00,0.73
2025-03-25 08:49:00,0.51
2025-03-25 08:50:00,0.45
2025-03-25 08:51:00,0.6
2025-03-25 08:52:00,0.5
2025-03-25 08:53:00,0.56
2025-03-25 08:54:00,0.48
2025-03-25 08:55:00,0.8
2025-03-25 08:56:00,0.51
2025-03-25 08:57:00,0.59
2025-03-25 08:58:00,0.55
2025-03-25 08:59:00,0.44
2025-03-26 08:00:00,0.41
2025-03-26 08:01:00,0.44
2025-03-26 08:02:00,0.73
2025-03-26 08:03:00,0.45
2025-03-26 08:04:00,0.52
2025-03-26 08:05:00,0.73
2025-03-26 08:06:00,0.4
2025-03-26 08:07:00,0.4
2025-03-26 08:08:00,0.61
2025-03-26 08:09:00,0.42
2025-03-26 08:10:00,0.69
2025-03-26 08:11:00,0.4
2025-03-26 08:12:00,0.41
2025-03-26 08:13:00,0.51
2025-03-26 08:14:00,0.75
2025-03-26 08:15:00,0.4
2025-03-26 08:16:00,0.66
2025-03-26 08:17:00,0.41
2025-03-26 08:18:00,1.24
2025-03-26 08:19:00,0.47
2025-03-26 08:20:00,0.82
2025-03-26 08:21:00,0.43
2025-03-26 08:22:00,0.43
2025-03-26 08:23:00,0.86
2025-03-26 08:24:00,0.81
2025-03-26 08:25:00,0.5
2025-03-26 08:26:00,0.46
2025-03-26 08:27:00,0.54
2025-03-26 08:28:00,0.47
2025-03-26 08:29:00,0.42
2025-03-26 08:30:00,0.4
2025-03-26 08:31:00,0.44
2025-03-26 08:32:00,1.15
2025-03-26 08:33:00,0.51
2025-03-26 08:34:00,0.4
2025-03-26 08:35:00,1.07
2025-03-26 08:36:00,0.53
2025-03-26 08:37:00,0.63
2025-03-26 08:38:00,1.04
2025-03-26 08:39:00,0.46
2025-03-26 08:40:00,0.91
2025-03-26 08:41:00,0.83
2025-03-26 08:42:00,0.43
2025-03-26 08:43:00,0.54
2025-03-26 08:44:00,0.6
2025-03-26 08:45:00,0.4
2025-03-26 08:46:00,0.76
2025-03-26 08:47:00,0.41
2025-03-26 08:48:00,0.75
2025-03-26 08:49:00,0.43
2025-03-26 08:50:00,0.52
2025-03-26 08:51:00,0.63
2025-03-26 08:52:00,0.42
2025-03-26 08:53:00,0.52
2025-03-26 08:54:00,0.86
2025-03-26 08:55:00,0.4
2025-03-26 08:56:00,1.15
2025-03-26 08:57:00,0.56
2025-03-26 08:58:00,0.54
2025-03-26 08:59:00,0.47
2025-03-27 08:00:00,0.4
2025-03-27 08:01:00,0.78
2025-03-27 08:02:00,0.41
2025-03-27 08:03:00,0.41
2025-03-27 08:04:00,0.46
2025-03-27 08:05:00,0.42
2025-03-27 08:06:00,0.42
2025-03-27 08:07:00,0.57
2025-03-27 08:08:00,0.44
2025-03-27 08:09:00,0.62
2025-03-27 08:10:00,0.69
2025-03-27 08:11:00,0.82
2025-03-27 08:12:00,0.54
2025-03-27 08:13:00,0.51
2025-03-27 08:14:00,0.83
2025-03-27 08:15:00,0.4
2025-03-27 08:16:00,0.79
2025-03-27 08:17:00,0.68
2025-03-27 08:18:00,0.41
2025-03-27 08:19:00,0.63
2025-03-27 08:20:00,0.41
2025-03-27 08:21:00,0.43
2025-03-27 08:22:00,0.45
2025-03-27 08:23:00,0.7
2025-03-27 08:24:00,0.55
2025-03-27 08:25:00,0.59
2025-03-27 08:26:00,1.17
2025-03-27 08:27:00,1.11
2025-03-27 08:28:00,0.96
2025-03-27 08:29:00,0.49
2025-03-27 08:30:00,0.7
2025-03-27 08:31:00,0.74
2025-03-27 08:32:00,0.61
2025-03-27 08:33:00,0.4
2025-03-27 08:34:00,0.41
2025-03-27 08:35:00,0.4
2025-03-27 08:36:00,0.41
2025-03-27 08:37:00,0.41
2025-03-27 08:38:00,0.91
2025-03-27 08:39:00,0.42
2025-03-27 08:40:00,0.44
2025-03-27 08:41:00,0.4
2025-03-27 08:42:00,0.46
2025-03-27 08:43:00,0.44
2025-03-27 08:44:00,0.47
2025-03-27 08:45:00,0.59
2025-03-27 08:46:00,0.4
2025-03-27 08:47:00,0.41
2025-03-27 08:48:00,0.9
2025-03-27 08:49:00,0.57
2025-03-27 08:50:00,0.45
2025-03-27 08:51:00,0.4
2025-03-27 08:52:00,0.61
2025-03-27 08:53:00,1.41
2025-03-27 08:54:00,0.42
2025-03-27 08:55:00,0.62
2025-03-27 08:56:00,0.44
2025-03-27 08:57:00,0.56
2025-03-27 08:58:00,0.44
2025-03-27 08:59:00,0.42
2025-03-28 08:00:00,0.48
2025-03-28 08:01:00,0.42
2025-03-28 08:02:00,0.4
2025-03-28 08:03:00,0.58
2025-03-28 08:04:00,0.44
2025-03-28 08:05:00,0.5
2025-03-28 08:06:00,1.07
2025-03-28 08:07:00,0.48
2025-03-28 08:08:00,0.67
2025-03-28 08:09:00,0.5
2025-03-28 08:10:00,0.66
2025-03-28 08:11:00,0.46
2025-03-28 08:12:00,1.24
2025-03-28 08:13:00,0.5
2025-03-28 08:14:00,0.6
2025-03-28 08:15:00,0.49
2025-03-28 08:16:00,0.67
2025-03-28 08:17:00,0.45
2025-03-28 08:18:00,0.81
2025-03-28 08:19:00,1.2
2025-03-28 08:20:00,1.07
2025-03-28 08:21:00,0.96
2025-03-28 08:22:00,0.52
2025-03-28 08:23:00,0.5
2025-03-28 08:24:00,0.46
2025-03-28 08:25:00,0.45
2025-03-28 08:26:00,0.41
2025-03-28 08:27:00,0.55
2025-03-28 08:28:00,1.18
2025-03-28 08:29:00,0.52
2025-03-28 08:30:00,0.42
2025-03-28 08:31:00,0.4
2025-03-28 08:32:00,0.92
2025-03-28 08:33:00,0.43
2025-03-28 08:34:00,0.54
2025-03-28 08:35:00,0.55
2025-03-28 08:36:00,0.41
2025-03-28 08:37:00,0.5
2025-03-28 08:38:00,0.4
2025-03-28 08:39:00,0.44
2025-03-28 08:40:00,0.42
2025-03-28 08:41:00,0.89
2025-03-28 08:42:00,0.87
2025-03-28 08:43:00,0.71
2025-03-28 08:44:00,0.67
2025-03-28 08:45:00,0.53
2025-03-28 08:46:00,0.67
2025-03-28 08:47:00,0.66
2025-03-28 08:48:00,0.41
2025-03-28 08:49:00,1.32
2025-03-28 08:50:00,0.41
2025-03-28 08:51:00,0.55
2025-03-28 08:52:00,0.44
2025-03-28 08:53:00,0.57
2025-03-28 08:54:00,0.89
2025-03-28 08:55:00,0.46
2025-03-28 08:56:00,0.41
2025-03-28 08:57:00,0.59
2025-03-28 08:58:00,0.49
2025-03-28 08:59:00,0.45
2025-03-29 08:00:00,1.05
2025-03-29 08:01:00,0.65
2025-03-29 08:02:00,0.46
2025-03-29 08:03:00,0.44
2025-03-29 08:04:00,0.48
2025-03-29 08:05:00,0.81
2025-03-29 08:06:00,0.55
2025-03-29 08:07:00,0.49
2025-03-29 08:08:00,0.43
2025-03-29 08:09:00,0.46
2025-03-29 08:10:00,0.46
2025-03-29 08:11:00,0.41
2025-03-29 08:12:00,0.43
2025-03-29 08:13:00,0.46
2025-03-29 08:14:00,1.21
2025-03-29 08:15:00,0.4
2025-03-29 08:16:00,0.55
2025-03-29 08:17:00,0.54
2025-03-29 08:18:00,0.8
2025-03-29 08:19:00,0.4
2025-03-29 08:20:00,0.46
2025-03-29 08:21:00,0.41
2025-03-29 08:22:00,0.56
2025-03-29 08:23:00,0.4
2025-03-29 08:24:00,0.47
2025-03-29 08:25:00,0.4
2025-03-29 08:26:00,0.55
2025-03-29 08:27:00,0.76
2025-03-29 08:28:00,0.43
2025-03-29 08:29:00,0.7
2025-03-29 08:30:00,0.4
2025-03-29 08:31:00,0.4
2025-03-29 08:32:00,0.41
2025-03-29 08:33:00,0.59
2025-03-29 08:34:00,0.68
2025-03-29 08:35:00,0.7
2025-03-29 08:36:00,0.41
2025-03-29 08:37:00,0.65
2025-03-29 08:38:00,1.09
2025-03-29 08:39:00,0.51
2025-03-29 08:40:00,0.41
2025-03-29 08:41:00,0.46
2025-03-29 08:42:00,0.49
2025-03-29 08:43:00,0.83
2025-03-29 08:44:00,0.48
2025-03-29 08:45:00,0.71
2025-03-29 08:46:00,0.47
2025-03-29 08:47:00,0.68
2025-03-29 08:48:00,0.4
2025-03-29 08:49:00,0.41
2025-03-29 08:50:00,0.5
2025-03-29 08:51:00,0.47
2025-03-29 08:52:00,0.59
2025-03-29 08:53:00,0.4
2025-03-29 08:54:00,1.22
2025-03-29 08:55:00,0.51
2025-03-29 08:56:00,0.88
2025-03-29 08:57:00,0.48
2025-03-29 08:58:00,0.55
2025-03-29 08:59:00,0.41
2025-03-30 08:00:00,0.63
2025-03-30 08:01:00,0.58
2025-03-30 08:02:00,0.45
2025-03-30 08:03:00,0.44
2025-03-30 08:04:00,0.45
2025-03-30 08:05:00,0.62
2025-03-30 08:06:00,0.56
2025-03-30 08:07:00,0.79
2025-03-30 08:08:00,0.43
2025-03-30 08:09:00,0.7
2025-03-30 08:10:00,0.69
2025-03-30 08:11:00,0.85
2025-03-30 08:12:00,0.82
2025-03-30 08:13:00,0.84
2025-03-30 08:14:00,0.44
2025-03-30 08:15:00,0.64
2025-03-30 08:16:00,0.41
2025-03-30 08:17:00,0.76
2025-03-30 08:18:00,0.4
2025-03-30 08:19:00,0.57
2025-03-30 08:20:00,0.99
2025-03-30 08:21:00,0.53
2025-03-30 08:22:00,0.4
2025-03-30 08:23:00,0.93
2025-03-30 08:24:00,0.59
2025-03-30 08:25:00,0.6
2025-03-30 08:26:00,0.52
2025-03-30 08:27:00,0.41
2025-03-30 08:28:00,0.4
2025-03-30 08:29:00,1.06
2025-03-30 08:30:00,0.45
2025-03-30 08:31:00,0.41
2025-03-30 08:32:00,0.49
2025-03-30 08:33:00,0.77
2025-03-30 08:34:00,0.41
2025-03-30 08:35:00,0.78
2025-03-30 08:36:00,0.4
2025-03-30 08:37:00,0.98
2025-03-30 08:38:00,1.22
2025-03-30 08:39:00,0.43
2025-03-30 08:40:00,0.47
2025-03-30 08:41:00,0.41
2025-03-30 08:42:00,1.01
2025-03-30 08:43:00,0.43
2025-03-30 08:44:00,0.56
2025-03-30 08:45:00,0.43
2025-03-30 08:46:00,0.56
2025-03-30 08:47:00,0.62
2025-03-30 08:48:00,0.4
2025-03-30 08:49:00,0.41
2025-03-30 08:50:00,1.15
2025-03-30 08:51:00,0.46
2025-03-30 08:52:00,0.4
2025-03-30 08:53:00,0.4
2025-03-30 08:54:00,0.53
2025-03-30 08:55:00,0.48
2025-03-30 08:56:00,0.63
2025-03-30 08:57:00,0.42
2025-03-30 08:58:00,0.59
2025-03-30 08:59:00,0.52
2025-03-31 08:00:00,0.78
2025-03-31 08:01:00,0.71
2025-03-31 08:02:00,0.76
2025-03-31 08:03:00,0.77
2025-03-31 08:04:00,0.58
2025-03-31 08:05:00,0.6
2025-03-31 08:06:00,0.65
2025-03-31 08:07:00,0.42
2025-03-31 08:08:00,0.42
2025-03-31 08:09:00,1.28
2025-03-31 08:10:00,0.49
2025-03-31 08:11:00,0.49
2025-03-31 08:12:00,0.97
2025-03-31 08:13:00,1.12
2025-03-31 08:14:00,1.06
2025-03-31 08:15:00,0.4
2025-03-31 08:16:00,0.75
2025-03-31 08:17:00,0.49
2025-03-31 08:18:00,0.41
2025-03-31 08:19:00,0.5
2025-03-31 08:20:00,0.41
2025-03-31 08:21:00,0.44
2025-03-31 08:22:00,0.58
2025-03-31 08:23:00,0.59
2025-03-31 08:24:00,0.4
2025-03-31 08:25:00,0.4
2025-03-31 08:26:00,0.43
2025-03-31 08:27:00,0.4
2025-03-31 08:28:00,0.41
2025-03-31 08:29:00,0.62
2025-03-31 08:30:00,0.44
2025-03-31 08:31:00,0.43
2025-03-31 08:32:00,0.48
2025-03-31 08:33:00,0.51
2025-03-31 08:34:00,0.56
2025-03-31 08:35:00,0.4
2025-03-31 08:36:00,0.98
2025-03-31 08:37:00,0.47
2025-03-31 08:38:00,0.45
2025-03-31 08:39:00,0.47
2025-03-31 08:40:00,0.41
2025-03-31 08:41:00,0.47
2025-03-31 08:42:00,0.8
2025-03-31 08:43:00,0.89
2025-03-31 08:44:00,0.6
2025-03-31 08:45:00,1.03
2025-03-31 08:46:00,1.28
2025-03-31 08:47:00,0.55
2025-03-31 08:48:00,0.48
2025-03-31 08:49:00,0.75
2025-03-31 08:50:00,0.46
2025-03-31 08:51:00,0.92
2025-03-31 08:52:00,0.62
2025-03-31 08:53:00,0.4
2025-03-31 08:54:00,0.45
2025-03-31 08:55:00,0.4
2025-03-31 08:56:00,0.53
2025-03-31 08:57:00,0.84
2025-03-31 08:58:00,1.15
2025-03-31 08:59:00,0.47
2025-04-01 08:00:00,0.41
2025-04-01 08:01:00,0.42
2025-04-01 08:02:00,0.47
2025-04-01 08:03:00,0.45
2025-04-01 08:04:00,0.63
2025-04-01 08:05:00,0.4
2025-04-01 08:06:00,0.41
2025-04-01 08:07:00,0.4
2025-04-01 08:08:00,0.71
2025-04-01 08:09:00,1.02
2025-04-01 08:10:00,0.44
2025-04-01 08:11:00,0.74
2025-04-01 08:12:00,0.96
2025-04-01 08:13:00,0.63
2025-04-01 08:14:00,0.54
2025-04-01 08:15:00,1.36
2025-04-01 08:16:00,0.66
2025-04-01 08:17:00,0.46
2025-04-01 08:18:00,0.4
2025-04-01 08:19:00,0.43
2025-04-01 08:20:00,0.51
2025-04-01 08:21:00,0.4
2025-04-01 08:22:00,0.61
2025-04-01 08:23:00,0.6
2025-04-01 08:24:00,0.49
2025-04-01 08:25:00,1.2
2025-04-01 08:26:00,0.6
2025-04-01 08:27:00,0.77
2025-04-01 08:28:00,1.16
2025-04-01 08:29:00,0.49
2025-04-01 08:30:00,0.42
2025-04-01 08:31:00,0.41
2025-04-01 08:32:00,0.64
2025-04-01 08:33:00,0.4
2025-04-01 08:34:00,0.62
2025-04-01 08:35:00,0.43
2025-04-01 08:36:00,0.51
2025-04-01 08:37:00,0.56
2025-04-01 08:38:00,0.6
2025-04-01 08:39:00,0.55
2025-04-01 08:40:00,0.75
2025-04-01 08:41:00,0.66
2025-04-01 08:42:00,0.51
2025-04-01 08:43:00,0.46
2025-04-01 08:44:00,0.61
2025-04-01 08:45:00,1.0
2025-04-01 08:46:00,0.72
2025-04-01 08:47:00,0.62
2025-04-01 08:48:00,0.42
2025-04-01 08:49:00,0.4
2025-04-01 08:50:00,0.49
2025-04-01 08:51:00,0.4
2025-04-01 08:52:00,0.74
2025-04-01 08:53:00,0.55
2025-04-01 08:54:00,0.4
2025-04-01 08:55:00,0.71
2025-04-01 08:56:00,0.46
2025-04-01 08:57:00,0.44
2025-04-01 08:58:00,0.95
2025-04-01 08:59:00,0.45
2025-04-02 08:00:00,0.44
2025-04-02 08:01:00,0.9
2025-04-02 08:02:00,0.79
2025-04-02 08:03:00,0.53
2025-04-02 08:04:00,0.42
2025-04-02 08:05:00,0.5
2025-04-02 08:06:00,0.59
2025-04-02 08:07:00,1.22
2025-04-02 08:08:00,0.47
2025-04-02 08:09:00,0.8
2025-04-02 08:10:00,1.01
2025-04-02 08:11:00,0.5
2025-04-02 08:12:00,0.53
2025-04-02 08:13:00,0.4
2025-04-02 08:14:00,0.84
2025-04-02 08:15:00,0.6
2025-04-02 08:16:00,0.42
2025-04-02 08:17:00,0.61
2025-04-02 08:18:00,0.46
2025-04-02 08:19:00,0.41
2025-04-02 08:20:00,0.43
2025-04-02 08:21:00,0.42
2025-04-02 08:22:00,0.4
2025-04-02 08:23:00,0.68
2025-04-02 08:24:00,0.69
2025-04-02 08:25:00,0.45
2025-04-02 08:26:00,0.45
2025-04-02 08:27:00,0.41
2025-04-02 08:28:00,1.03
2025-04-02 08:29:00,0.58
2025-04-02 08:30:00,0.53
2025-04-02 08:31:00,0.43
2025-04-02 08:32:00,0.4
2025-04-02 08:33:00,0.55
2025-04-02 08:34:00,0.41
2025-04-02 08:35:00,0.84
2025-04-02 08:36:00,0.64
2025-04-02 08:37:00,0.51
2025-04-02 08:38:00,0.56
2025-04-02 08:39:00,0.54
2025-04-02 08:40:00,0.86
2025-04-02 08:41:00,0.79
2025-04-02 08:42:00,0.41
2025-04-02 08:43:00,0.42
2025-04-02 08:44:00,0.54
2025-04-02 08:45:00,0.41
2025-04-02 08:46:00,0.41
2025-04-02 08:47:00,0.58
2025-04-02 08:48:00,0.91
2025-04-02 08:49:00,0.43
2025-04-02 08:50:00,0.41
2025-04-02 08:51:00,0.47
2025-04-02 08:52:00,0.88
2025-04-02 08:53:00,0.85
2025-04-02 08:54:00,0.91
2025-04-02 08:55:00,0.77
2025-04-02 08:56:00,0.51
2025-04-02 08:57:00,0.5
2025-04-02 08:58:00,0.43
2025-04-02 08:59:00,0.43
2025-04-03 08:00:00,0.46
2025-04-03 08:01:00,0.73
2025-04-03 08:02:00,0.45
2025-04-03 08:03:00,0.69
2025-04-03 08:04:00,0.41
2025-04-03 08:05:00,0.44
2025-04-03 08:06:00,0.42
2025-04-03 08:07:00,0.68
2025-04-03 08:08:00,0.54
2025-04-03 08:09:00,0.41
2025-04-03 08:10:00,0.42
2025-04-03 08:11:00,0.42
2025-04-03 08:12:00,0.94
2025-04-03 08:13:00,0.46
2025-04-03 08:14:00,0.62
2025-04-03 08:15:00,0.61
2025-04-03 08:16:00,0.46
2025-04-03 08:17:00,0.4
2025-04-03 08:18:00,0.53
2025-04-03 08:19:00,0.99
2025-04-03 08:20:00,0.68
2025-04-03 08:21:00,1.49
2025-04-03 08:22:00,0.62
2025-04-03 08:23:00,0.7
2025-04-03 08:24:00,0.42
2025-04-03 08:25:00,0.63
2025-04-03 08:26:00,0.41
2025-04-03 08:27:00,0.47
2025-04-03 08:28:00,1.07
2025-04-03 08:29:00,0.58
2025-04-03 08:30:00,0.65
2025-04-03 08:31:00,0.64
2025-04-03 08:32:00,0.44
2025-04-03 08:33:00,0.57
2025-04-03 08:34:00,0.49
2025-04-03 08:35:00,1.06
2025-04-03 08:36:00,0.71
2025-04-03 08:37:00,0.59
2025-04-03 08:38:00,1.25
2025-04-03 08:39:00,0.68
2025-04-03 08:40:00,0.46
2025-04-03 08:41:00,0.79
2025-04-03 08:42:00,0.49
2025-04-03 08:43:00,0.41
2025-04-03 08:44:00,0.65
2025-04-03 08:45:00,0.42
2025-04-03 08:46:00,0.41
2025-04-03 08:47:00,0.85
2025-04-03 08:48:00,0.46
2025-04-03 08:49:00,0.75
2025-04-03 08:50:00,0.58
2025-04-03 08:51:00,1.02
2025-04-03 08:52:00,0.64
2025-04-03 08:53:00,0.43
2025-04-03 08:54:00,0.47
2025-04-03 08:55:00,1.04
2025-04-03 08:56:00,0.67
2025-04-03 08:57:00,0.48
2025-04-03 08:58:00,0.41
2025-04-03 08:59:00,0.47
2025-04-04 08:00:00,0.53
2025-04-04 08:01:00,0.64
2025-04-04 08:02:00,0.4
2025-04-04 08:03:00,0.44
2025-04-04 08:04:00,0.48
2025-04-04 08:05:00,0.84
2025-04-04 08:06:00,0.5
2025-04-04 08:07:00,0.55
2025-04-04 08:08:00,0.42
2025-04-04 08:09:00,0.84
2025-04-04 08:10:00,0.83
2025-04-04 08:11:00,0.41
2025-04-04 08:12:00,0.46
2025-04-04 08:13:00,0.84
2025-04-04 08:14:00,0.42
2025-04-04 08:15:00,0.68
2025-04-04 08:16:00,0.47
2025-04-04 08:17:00,0.76
2025-04-04 08:18:00,0.71
2025-04-04 08:19:00,0.41
2025-04-04 08:20:00,0.4
2025-04-04 08:21:00,0.45
2025-04-04 08:22:00,0.46
2025-04-04 08:23:00,0.42
2025-04-04 08:24:00,0.78
2025-04-04 08:25:00,0.46
2025-04-04 08:26:00,0.52
2025-04-04 08:27:00,0.64
2025-04-04 08:28:00,0.58
2025-04-04 08:29:00,0.54
2025-04-04 08:30:00,0.49
2025-04-04 08:31:00,0.48
2025-04-04 08:32:00,0.67
2025-04-04 08:33:00,0.42
2025-04-04 08:34:00,1.03
2025-04-04 08:35:00,0.44
2025-04-04 08:36:00,0.43
2025-04-04 08:37:00,0.53
2025-04-04 08:38:00,0.83
2025-04-04 08:39:00,0.71
2025-04-04 08:40:00,0.42
2025-04-04 08:41:00,0.61
2025-04-04 08:42:00,0.57
2025-04-04 08:43:00,0.4
2025-04-04 08:44:00,0.71
2025-04-04 08:45:00,0.42
2025-04-04 08:46:00,0.42
2025-04-04 08:47:00,0.43
2025-04-04 08:48:00,0.41
2025-04-04 08:49:00,0.57
2025-04-04 08:50:00,0.72
2025-04-04 08:51:00,0.56
2025-04-04 08:52:00,0.45
2025-04-04 08:53:00,0.45
2025-04-04 08:54:00,0.41
2025-04-04 08:55:00,0.47
2025-04-04 08:56:00,0.41
2025-04-04 08:57:00,0.65
2025-04-04 08:58:00,0.53
2025-04-04 08:59:00,0.4
2025-04-05 08:00:00,0.68
2025-04-05 08:01:00,0.86
2025-04-05 08:02:00,1.19
2025-04-05 08:03:00,0.44
2025-04-05 08:04:00,0.91
2025-04-05 08:05:00,1.03
2025-04-05 08:06:00,0.79
2025-04-05 08:07:00,0.5
2025-04-05 08:08:00,0.43
2025-04-05 08:09:00,0.86
2025-04-05 08:10:00,0.53
2025-04-05 08:11:00,0.5
2025-04-05 08:12:00,0.51
2025-04-05 08:13:00,0.6
2025-04-05 08:14:00,0.84
2025-04-05 08:15:00,0.49
2025-04-05 08:16:00,0.42
2025-04-05 08:17:00,0.42
2025-04-05 08:18:00,0.72
2025-04-05 08:19:00,0.68
2025-04-05 08:20:00,0.4
2025-04-05 08:21:00,0.43
2025-04-05 08:22:00,1.09
2025-04-05 08:23:00,0.9
2025-04-05 08:24:00,0.44
2025-04-05 08:25:00,0.45
2025-04-05 08:26:00,0.4
2025-04-05 08:27:00,0.43
2025-04-05 08:28:00,0.69
2025-04-05 08:29:00,1.01
2025-04-05 08:30:00,0.4
2025-04-05 08:31:00,0.56
2025-04-05 08:32:00,0.42
2025-04-05 08:33:00,0.47
2025-04-05 08:34:00,0.91
2025-04-05 08:35:00,0.75
2025-04-05 08:36:00,0.53
2025-04-05 08:37:00,0.46
2025-04-05 08:38:00,0.5
2025-04-05 08:39:00,0.41
2025-04-05 08:40:00,0.61
2025-04-05 08:41:00,0.42
2025-04-05 08:42:00,0.84
2025-04-05 08:43:00,0.43
2025-04-05 08:44:00,0.4
2025-04-05 08:45:00,0.74
2025-04-05 08:46:00,0.4
2025-04-05 08:47:00,0.65
2025-04-05 08:48:00,0.43
2025-04-05 08:49:00,0.62
2025-04-05 08:50:00,0.43
2025-04-05 08:51:00,0.89
2025-04-05 08:52:00,0.4
2025-04-05 08:53:00,0.46
2025-04-05 08:54:00,0.78
2025-04-05 08:55:00,0.42
2025-04-05 08:56:00,0.7
2025-04-05 08:57:00,0.42
2025-04-05 08:58:00,0.4
2025-04-05 08:59:00,0.57
2025-04-06 08:00:00,0.42
2025-04-06 08:01:00,0.42
2025-04-06 08:02:00,0.41
2025-04-06 08:03:00,1.35
2025-04-06 08:04:00,0.43
2025-04-06 08:05:00,0.4
2025-04-06 08:06:00,0.55
2025-04-06 08:07:00,0.48
2025-04-06 08:08:00,0.87
2025-04-06 08:09:00,0.42
2025-04-06 08:10:00,0.41
2025-04-06 08:11:00,0.61
2025-04-06 08:12:00,0.58
2025-04-06 08:13:00,0.44
2025-04-06 08:14:00,0.41
2025-04-06 08:15:00,0.62
2025-04-06 08:16:00,0.45
2025-04-06 08:17:00,0.81
2025-04-06 08:18:00,0.74
2025-04-06 08:19:00,0.43
2025-04-06 08:20:00,0.52
2025-04-06 08:21:00,0.4
2025-04-06 08:22:00,0.41
2025-04-06 08:23:00,0.57
2025-04-06 08:24:00,0.44
2025-04-06 08:25:00,0.41
2025-04-06 08:26:00,0.41
2025-04-06 08:27:00,0.45
2025-04-06 08:28:00,0.73
2025-04-06 08:29:00,0.45
2025-04-06 08:30:00,0.5
2025-04-06 08:31:00,1.1
2025-04-06 08:32:00,1.11
2025-04-06 08:33:00,0.4
2025-04-06 08:34:00,0.74
2025-04-06 08:35:00,0.42
2025-04-06 08:36:00,0.72
2025-04-06 08:37:00,0.43
2025-04-06 08:38:00,0.44
2025-04-06 08:39:00,0.4
2025-04-06 08:40:00,0.42
2025-04-06 08:41:00,0.45
2025-04-06 08:42:00,0.51
2025-04-06 08:43:00,0.58
2025-04-06 08:44:00,0.41
2025-04-06 08:45:00,0.68
2025-04-06 08:46:00,0.48
2025-04-06 08:47:00,0.94
2025-04-06 08:48:00,0.4
2025-04-06 08:49:00,0.73
2025-04-06 08:50:00,0.42
2025-04-06 08:51:00,1.08
2025-04-06 08:52:00,0.42
2025-04-06 08:53:00,0.45
2025-04-06 08:54:00,0.46
2025-04-06 08:55:00,0.48
2025-04-06 08:56:00,0.41
2025-04-06 08:57:00,0.51
2025-04-06 08:58:00,0.45
2025-04-06 08:59:00,0.62
2025-04-07 08:00:00,0.56
2025-04-07 08:01:00,0.4
2025-04-07 08:02:00,1.0
2025-04-07 08:03:00,0.45
2025-04-07 08:04:00,0.6
2025-04-07 08:05:00,0.5
2025-04-07 08:06:00,0.44
2025-04-07 08:07:00,0.55
2025-04-07 08:08:00,1.19
2025-04-07 08:09:00,0.42
2025-04-07 08:10:00,0.97
2025-04-07 08:11:00,0.45
2025-04-07 08:12:00,0.98
2025-04-07 08:13:00,0.47
2025-04-07 08:14:00,1.01
2025-04-07 08:15:00,0.5
2025-04-07 08:16:00,0.82
2025-04-07 08:17:00,0.49
2025-04-07 08:18:00,0.4
2025-04-07 08:19:00,0.8
2025-04-07 08:20:00,0.8
2025-04-07 08:21:00,0.45
2025-04-07 08:22:00,0.53
2025-04-07 08:23:00,0.53
2025-04-07 08:24:00,0.68
2025-04-07 08:25:00,0.46
2025-04-07 08:26:00,0.53
2025-04-07 08:27:00,0.4
2025-04-07 08:28:00,0.42
2025-04-07 08:29:00,0.42
2025-04-07 08:30:00,0.52
2025-04-07 08:31:00,0.42
2025-04-07 08:32:00,0.43
2025-04-07 08:33:00,0.43
2025-04-07 08:34:00,1.34
2025-04-07 08:35:00,1.05
2025-04-07 08:36:00,0.41
2025-04-07 08:37:00,0.59
2025-04-07 08:38:00,0.72
2025-04-07 08:39:00,0.43
2025-04-07 08:40:00,0.88
2025-04-07 08:41:00,0.51
2025-04-07 08:42:00,0.41
2025-04-07 08:43:00,0.4
2025-04-07 08:44:00,0.83
2025-04-07 08:45:00,0.44
2025-04-07 08:46:00,0.47
2025-04-07 08:47:00,0.41
2025-04-07 08:48:00,0.4
2025-04-07 08:49:00,0.41
2025-04-07 08:50:00,0.4
2025-04-07 08:51:00,0.46
2025-04-07 08:52:00,0.43
2025-04-07 08:53:00,1.61
2025-04-07 08:54:00,0.69
2025-04-07 08:55:00,0.98
2025-04-07 08:56:00,0.41
2025-04-07 08:57:00,0.7
2025-04-07 08:58:00,0.61
2025-04-07 08:59:00,0.42
2025-04-08 08:00:00,0.67
2025-04-08 08:01:00,0.65
2025-04-08 08:02:00,0.64
2025-04-08 08:03:00,0.4
2025-04-08 08:04:00,0.4
2025-04-08 08:05:00,0.62
2025-04-08 08:06:00,0.55
2025-04-08 08:07:00,0.42
2025-04-08 08:08:00,0.48
2025-04-08 08:09:00,0.81
2025-04-08 08:10:00,0.41
2025-04-08 08:11:00,0.42
2025-04-08 08:12:00,0.41
2025-04-08 08:13:00,0.44
2025-04-08 08:14:00,0.84
2025-04-08 08:15:00,0.4
2025-04-08 08:16:00,0.78
2025-04-08 08:17:00,0.86
2025-04-08 08:18:00,0.43
2025-04-08 08:19:00,0.42
2025-04-08 08:20:00,0.61
2025-04-08 08:21:00,1.24
2025-04-08 08:22:00,0.45
2025-04-08 08:23:00,0.48
2025-04-08 08:24:00,0.6
2025-04-08 08:25:00,0.96
2025-04-08 08:26:00,0.88
2025-04-08 08:27:00,0.43
2025-04-08 08:28:00,0.48
2025-04-08 08:29:00,0.41
2025-04-08 08:30:00,0.4
2025-04-08 08:31:00,0.41
2025-04-08 08:32:00,0.49
2025-04-08 08:33:00,0.62
2025-04-08 08:34:00,0.54
2025-04-08 08:35:00,0.4
2025-04-08 08:36:00,0.5
2025-04-08 08:37:00,0.48
2025-04-08 08:38:00,0.58
2025-04-08 08:39:00,0.67
2025-04-08 08:40:00,0.4
2025-04-08 08:41:00,1.18
2025-04-08 08:42:00,0.76
2025-04-08 08:43:00,0.88
2025-04-08 08:44:00,0.4
2025-04-08 08:45:00,0.6
2025-04-08 08:46:00,0.49
2025-04-08 08:47:00,0.48
2025-04-08 08:48:00,0.4
2025-04-08 08:49:00,0.4
2025-04-08 08:50:00,0.4
2025-04-08 08:51:00,1.08
2025-04-08 08:52:00,0.67
2025-04-08 08:53:00,0.43
2025-04-08 08:54:00,0.41
2025-04-08 08:55:00,0.55
2025-04-08 08:56:00,0.4
2025-04-08 08:57:00,0.45
2025-04-08 08:58:00,0.41
2025-04-08 08:59:00,0.51
2025-04-09 08:00:00,0.53
2025-04-09 08:01:00,1.28
2025-04-09 08:02:00,0.92
2025-04-09 08:03:00,0.5
2025-04-09 08:04:00,0.68
2025-04-09 08:05:00,0.85
2025-04-09 08:06:00,0.57
2025-04-09 08:07:00,1.11
2025-04-09 08:08:00,0.45
2025-04-09 08:09:00,0.44
2025-04-09 08:10:00,0.68
2025-04-09 08:11:00,0.75
2025-04-09 08:12:00,0.45
2025-04-09 08:13:00,0.57
2025-04-09 08:14:00,0.56
2025-04-09 08:15:00,0.68
2025-04-09 08:16:00,0.41
2025-04-09 08:17:00,0.41
2025-04-09 08:18:00,0.47
2025-04-09 08:19:00,0.58
2025-04-09 08:20:00,0.5
2025-04-09 08:21:00,0.4
2025-04-09 08:22:00,0.5
2025-04-09 08:23:00,0.42
2025-04-09 08:24:00,0.54
2025-04-09 08:25:00,0.98
2025-04-09 08:26:00,0.49
2025-04-09 08:27:00,0.66
2025-04-09 08:28:00,0.73
2025-04-09 08:29:00,1.17
2025-04-09 08:30:00,0.45
2025-04-09 08:31:00,0.5
2025-04-09 08:32:00,0.47
2025-04-09 08:33:00,1.09
2025-04-09 08:34:00,0.44
2025-04-09 08:35:00,0.69
2025-04-09 08:36:00,0.89
2025-04-09 08:37:00,0.48
2025-04-09 08:38:00,0.4
2025-04-09 08:39:00,1.1
2025-04-09 08:40:00,0.52
2025-04-09 08:41:00,0.76
2025-04-09 08:42:00,0.49
2025-04-09 08:43:00,0.72
2025-04-09 08:44:00,0.51
2025-04-09 08:45:00,0.52
2025-04-09 08:46:00,0.47
2025-04-09 08:47:00,0.4
2025-04-09 08:48:00,0.4
2025-04-09 08:49:00,0.5
2025-04-09 08:50:00,0.41
2025-04-09 08:51:00,0.78
2025-04-09 08:52:00,0.56
2025-04-09 08:53:00,0.43
2025-04-09 08:54:00,0.41
2025-04-09 08:55:00,0.51
2025-04-09 08:56:00,0.44
2025-04-09 08:57:00,0.94
2025-04-09 08:58:00,0.47
2025-04-09 08:59:00,0.43
2025-04-10 08:00:00,0.5
2025-04-10 08:01:00,0.42
2025-04-10 08:02:00,0.86
2025-04-10 08:03:00,0.69
2025-04-10 08:04:00,0.7
2025-04-10 08:05:00,0.53
2025-04-10 08:06:00,0.46
2025-04-10 08:07:00,0.4
2025-04-10 08:08:00,0.52
2025-04-10 08:09:00,0.81
2025-04-10 08:10:00,0.53
2025-04-10 08:11:00,0.4
2025-04-10 08:12:00,0.46
2025-04-10 08:13:00,0.61
2025-04-10 08:14:00,0.63
2025-04-10 08:15:00,0.55
2025-04-10 08:16:00,0.55
2025-04-10 08:17:00,0.57
2025-04-10 08:18:00,0.4
2025-04-10 08:19:00,0.82
2025-04-10 08:20:00,1.06
2025-04-10 08:21:00,0.4
2025-04-10 08:22:00,1.14
2025-04-10 08:23:00,0.42
2025-04-10 08:24:00,1.01
2025-04-10 08:25:00,0.4
2025-04-10 08:26:00,0.4
2025-04-10 08:27:00,1.01
2025-04-10 08:28:00,0.57
2025-04-10 08:29:00,0.42
2025-04-10 08:30:00,0.5
2025-04-10 08:31:00,0.43
2025-04-10 08:32:00,0.4
2025-04-10 08:33:00,0.42
2025-04-10 08:34:00,0.53
2025-04-10 08:35:00,0.99
2025-04-10 08:36:00,0.51
2025-04-10 08:37:00,0.4
2025-04-10 08:38:00,0.58
2025-04-10 08:39:00,0.42
2025-04-10 08:40:00,0.4
2025-04-10 08:41:00,0.42
2025-04-10 08:42:00,0.77
2025-04-10 08:43:00,0.75
2025-04-10 08:44:00,1.29
2025-04-10 08:45:00,0.41
2025-04-10 08:46:00,0.95
2025-04-10 08:47:00,0.83
2025-04-10 08:48:00,0.55
2025-04-10 08:49:00,0.4
2025-04-10 08:50:00,0.4
2025-04-10 08:51:00,0.41
2025-04-10 08:52:00,0.43
2025-04-10 08:53:00,1.52
2025-04-10 08:54:00,0.71
2025-04-10 08:55:00,0.51
2025-04-10 08:56:00,0.4
2025-04-10 08:57:00,0.72
2025-04-10 08:58:00,0.67
2025-04-10 08:59:00,0.64
2025-04-11 08:00:00,0.41
2025-04-11 08:01:00,0.41
2025-04-11 08:02:00,0.46
2025-04-11 08:03:00,0.51
2025-04-11 08:04:00,0.56
2025-04-11 08:05:00,0.41
2025-04-11 08:06:00,0.59
2025-04-11 08:07:00,0.66
2025-04-11 08:08:00,0.71
2025-04-11 08:09:00,0.4
2025-04-11 08:10:00,0.4
2025-04-11 08:11:00,0.4
2025-04-11 08:12:00,0.42
2025-04-11 08:13:00,0.53
2025-04-11 08:14:00,0.48
2025-04-11 08:15:00,0.41
2025-04-11 08:16:00,0.57
2025-04-11 08:17:00,0.41
2025-04-11 08:18:00,0.62
2025-04-11 08:19:00,0.46
2025-04-11 08:20:00,0.58
2025-04-11 08:21:00,0.42
2025-04-11 08:22:00,0.55
2025-04-11 08:23:00,0.47
2025-04-11 08:24:00,0.51
2025-04-11 08:25:00,0.45
2025-04-11 08:26:00,0.61
2025-04-11 08:27:00,0.41
2025-04-11 08:28:00,0.65
2025-04-11 08:29:00,0.43
2025-04-11 08:30:00,0.54
2025-04-11 08:31:00,0.4
2025-04-11 08:32:00,0.78
2025-04-11 08:33:00,0.47
2025-04-11 08:34:00,0.85
2025-04-11 08:35:00,0.63
2025-04-11 08:36:00,0.54
2025-04-11 08:37:00,0.41
2025-04-11 08:38:00,0.47
2025-04-11 08:39:00,0.53
2025-04-11 08:40:00,1.19
2025-04-11 08:41:00,0.93
2025-04-11 08:42:00,0.5
2025-04-11 08:43:00,0.57
2025-04-11 08:44:00,0.55
2025-04-11 08:45:00,0.42
2025-04-11 08:46:00,0.48
2025-04-11 08:47:00,0.5
2025-04-11 08:48:00,0.41
2025-04-11 08:49:00,0.44
2025-04-11 08:50:00,0.4
2025-04-11 08:51:00,0.45
2025-04-11 08:52:00,0.4
2025-04-11 08:53:00,0.42
2025-04-11 08:54:00,0.42
2025-04-11 08:55:00,0.61
2025-04-11 08:56:00,0.55
2025-04-11 08:57:00,0.92
2025-04-11 08:58:00,0.41
2025-04-11 08:59:00,0.53
2025-04-12 08:00:00,0.67
2025-04-12 08:01:00,0.4
2025-04-12 08:02:00,0.42
2025-04-12 08:03:00,0.5
2025-04-12 08:04:00,0.57
2025-04-12 08:05:00,0.75
2025-04-12 08:06:00,0.57
2025-04-12 08:07:00,0.4
2025-04-12 08:08:00,0.56
2025-04-12 08:09:00,0.41
2025-04-12 08:10:00,0.4
2025-04-12 08:11:00,0.53
2025-04-12 08:12:00,0.4
2025-04-12 08:13:00,0.5
2025-04-12 08:14:00,0.66
2025-04-12 08:15:00,0.72
2025-04-12 08:16:00,0.43
2025-04-12 08:17:00,0.42
2025-04-12 08:18:00,0.41
2025-04-12 08:19:00,0.43
2025-04-12 08:20:00,0.7
2025-04-12 08:21:00,0.63
2025-04-12 08:22:00,1.02
2025-04-12 08:23:00,1.16
2025-04-12 08:24:00,0.56
2025-04-12 08:25:00,0.88
2025-04-12 08:26:00,0.91
2025-04-12 08:27:00,0.4
2025-04-12 08:28:00,0.45
2025-04-12 08:29:00,0.55
2025-04-12 08:30:00,0.4
2025-04-12 08:31:00,1.02
2025-04-12 08:32:00,0.53
2025-04-12 08:33:00,0.56
2025-04-12 08:34:00,0.51
2025-04-12 08:35:00,0.66
2025-04-12 08:36:00,0.4
2025-04-12 08:37:00,0.4
2025-04-12 08:38:00,0.54
2025-04-12 08:39:00,0.58
2025-04-12 08:40:00,0.42
2025-04-12 08:41:00,1.31
2025-04-12 08:42:00,0.67
2025-04-12 08:43:00,0.45
2025-04-12 08:44:00,0.4
2025-04-12 08:45:00,0.74
2025-04-12 08:46:00,0.67
2025-04-12 08:47:00,0.51
2025-04-12 08:48:00,0.7
2025-04-12 08:49:00,0.45
2025-04-12 08:50:00,0.62
2025-04-12 08:51:00,0.74
2025-04-12 08:52:00,1.54
2025-04-12 08:53:00,0.72
2025-04-12 08:54:00,0.6
2025-04-12 08:55:00,0.5
2025-04-12 08:56:00,0.62
2025-04-12 08:57:00,0.82
2025-04-12 08:58:00,0.77
2025-04-12 08:59:00,0.62
2025-04-13 08:00:00,0.54
2025-04-13 08:01:00,0.54
2025-04-13 08:02:00,0.54
2025-04-13 08:03:00,0.45
2025-04-13 08:04:00,1.11
2025-04-13 08:05:00,0.43
2025-04-13 08:06:00,0.4
2025-04-13 08:07:00,0.48
2025-04-13 08:08:00,0.41
2025-04-13 08:09:00,0.51
2025-04-13 08:10:00,0.46
2025-04-13 08:11:00,0.43
2025-04-13 08:12:00,0.41
2025-04-13 08:13:00,0.41
2025-04-13 08:14:00,0.56
2025-04-13 08:15:00,1.14
2025-04-13 08:16:00,0.82
2025-04-13 08:17:00,0.87
2025-04-13 08:18:00,0.41
2025-04-13 08:19:00,0.77
2025-04-13 08:20:00,0.6
2025-04-13 08:21:00,0.54
2025-04-13 08:22:00,0.64
2025-04-13 08:23:00,0.44
2025-04-13 08:24:00,0.56
2025-04-13 08:25:00,0.63
2025-04-13 08:26:00,0.65
2025-04-13 08:27:00,0.79
2025-04-13 08:28:00,0.4
2025-04-13 08:29:00,0.51
2025-04-13 08:30:00,0.64
2025-04-13 08:31:00,0.4
2025-04-13 08:32:00,0.4
2025-04-13 08:33:00,0.47
2025-04-13 08:34:00,0.42
2025-04-13 08:35:00,0.41
2025-04-13 08:36:00,0.94
2025-04-13 08:37:00,0.71
2025-04-13 08:38:00,0.45
2025-04-13 08:39:00,0.4
2025-04-13 08:40:00,0.95
2025-04-13 08:41:00,0.43
2025-04-13 08:42:00,0.9
2025-04-13 08:43:00,0.42
2025-04-13 08:44:00,1.21
2025-04-13 08:45:00,1.09
2025-04-13 08:46:00,0.4
2025-04-13 08:47:00,0.73
2025-04-13 08:48:00,0.44
2025-04-13 08:49:00,0.42
2025-04-13 08:50:00,0.69
2025-04-13 08:51:00,0.57
2025-04-13 08:52:00,0.55
2025-04-13 08:53:00,0.65
2025-04-13 08:54:00,1.0
2025-04-13 08:55:00,0.59
2025-04-13 08:56:00,0.58
2025-04-13 08:57:00,0.4
2025-04-13 08:58:00,0.4
2025-04-13 08:59:00,0.93
2025-04-14 08:00:00,0.53
2025-04-14 08:01:00,0.53
2025-04-14 08:02:00,0.44
2025-04-14 08:03:00,0.48
2025-04-14 08:04:00,1.18
2025-04-14 08:05:00,0.42
2025-04-14 08:06:00,0.96
2025-04-14 08:07:00,0.46
2025-04-14 08:08:00,0.51
2025-04-14 08:09:00,0.61
2025-04-14 08:10:00,0.91
2025-04-14 08:11:00,0.49
2025-04-14 08:12:00,0.44
2025-04-14 08:13:00,0.66
2025-04-14 08:14:00,0.5
2025-04-14 08:15:00,0.42
2025-04-14 08:16:00,0.72
2025-04-14 08:17:00,0.98
2025-04-14 08:18:00,0.41
2025-04-14 08:19:00,0.59
2025-04-14 08:20:00,0.65
2025-04-14 08:21:00,0.47
2025-04-14 08:22:00,0.55
2025-04-14 08:23:00,0.4
2025-04-14 08:24:00,0.4
2025-04-14 08:25:00,0.81
2025-04-14 08:26:00,0.45
2025-04-14 08:27:00,0.41
2025-04-14 08:28:00,0.69
2025-04-14 08:29:00,0.41
2025-04-14 08:30:00,0.48
2025-04-14 08:31:00,0.55
2025-04-14 08:32:00,1.11
2025-04-14 08:33:00,0.42
2025-04-14 08:34:00,0.58
2025-04-14 08:35:00,0.58
2025-04-14 08:36:00,0.53
2025-04-14 08:37:00,0.5
2025-04-14 08:38:00,0.41
2025-04-14 08:39:00,0.4
2025-04-14 08:40:00,0.82
2025-04-14 08:41:00,0.45
2025-04-14 08:42:00,1.57
2025-04-14 08:43:00,0.48
2025-04-14 08:44:00,0.51
2025-04-14 08:45:00,0.41
2025-04-14 08:46:00,0.48
2025-04-14 08:47:00,0.89
2025-04-14 08:48:00,0.41
2025-04-14 08:49:00,0.5
2025-04-14 08:50:00,0.68
2025-04-14 08:51:00,0.41
2025-04-14 08:52:00,0.59
2025-04-14 08:53:00,0.41
2025-04-14 08:54:00,0.43
2025-04-14 08:55:00,0.44
2025-04-14 08:56:00,0.44
2025-04-14 08:57:00,0.41
2025-04-14 08:58:00,0.4
2025-04-14 08:59:00,0.4
2025-04-15 08:00:00,0.42
2025-04-15 08:01:00,0.74
2025-04-15 08:02:00,0.67
2025-04-15 08:03:00,0.6
2025-04-15 08:04:00,0.69
2025-04-15 08:05:00,0.42
2025-04-15 08:06:00,1.31
2025-04-15 08:07:00,0.4
2025-04-15 08:08:00,0.73
2025-04-15 08:09:00,0.72
2025-04-15 08:10:00,0.64
2025-04-15 08:11:00,0.49
2025-04-15 08:12:00,0.57
2025-04-15 08:13:00,0.63
2025-04-15 08:14:00,1.51
2025-04-15 08:15:00,0.4
2025-04-15 08:16:00,0.41
2025-04-15 08:17:00,0.4
2025-04-15 08:18:00,0.4
2025-04-15 08:19:00,0.52
2025-04-15 08:20:00,0.7
2025-04-15 08:21:00,0.42
2025-04-15 08:22:00,0.89
2025-04-15 08:23:00,0.52
2025-04-15 08:24:00,0.47
2025-04-15 08:25:00,0.43
2025-04-15 08:26:00,0.45
2025-04-15 08:27:00,0.4
2025-04-15 08:28:00,0.85
2025-04-15 08:29:00,0.47
2025-04-15 08:30:00,0.4
2025-04-15 08:31:00,0.4
2025-04-15 08:32:00,0.87
2025-04-15 08:33:00,0.41
2025-04-15 08:34:00,0.6
2025-04-15 08:35:00,1.3
2025-04-15 08:36:00,0.44
2025-04-15 08:37:00,0.93
2025-04-15 08:38:00,0.45
2025-04-15 08:39:00,0.49
2025-04-15 08:40:00,0.5
2025-04-15 08:41:00,0.53
2025-04-15 08:42:00,0.46
2025-04-15 08:43:00,1.25
2025-04-15 08:44:00,0.4
2025-04-15 08:45:00,0.45
2025-04-15 08:46:00,0.41
2025-04-15 08:47:00,0.88
2025-04-15 08:48:00,0.62
2025-04-15 08:49:00,0.89
2025-04-15 08:50:00,0.41
2025-04-15 08:51:00,0.61
2025-04-15 08:52:00,0.4
2025-04-15 08:53:00,0.47
2025-04-15 08:54:00,0.57
2025-04-15 08:55:00,0.5
2025-04-15 08:56:00,0.46
2025-04-15 08:57:00,0.53
2025-04-15 08:58:00,0.5
2025-04-15 08:59:00,0.87
2025-04-16 08:00:00,0.61
2025-04-16 08:01:00,0.53
2025-04-16 08:02:00,0.49
2025-04-16 08:03:00,0.49
2025-04-16 08:04:00,0.45
2025-04-16 08:05:00,0.78
2025-04-16 08:06:00,0.5
2025-04-16 08:07:00,1.13
2025-04-16 08:08:00,0.48
2025-04-16 08:09:00,0.41
2025-04-16 08:10:00,0.7
2025-04-16 08:11:00,0.48
2025-04-16 08:12:00,0.4
2025-04-16 08:13:00,1.18
2025-04-16 08:14:00,0.45
2025-04-16 08:15:00,0.75
2025-04-16 08:16:00,0.45
2025-04-16 08:17:00,0.4
2025-04-16 08:18:00,0.84
2025-04-16 08:19:00,0.41
2025-04-16 08:20:00,0.73
2025-04-16 08:21:00,0.4
2025-04-16 08:22:00,0.6
2025-04-16 08:23:00,0.48
2025-04-16 08:24:00,0.51
2025-04-16 08:25:00,0.4
2025-04-16 08:26:00,0.41
2025-04-16 08:27:00,0.75
2025-04-16 08:28:00,0.48
2025-04-16 08:29:00,0.45
2025-04-16 08:30:00,0.68
2025-04-16 08:31:00,0.6
2025-04-16 08:32:00,0.44
2025-04-16 08:33:00,0.69
2025-04-16 08:34:00,0.42
2025-04-16 08:35:00,0.85
2025-04-16 08:36:00,0.56
2025-04-16 08:37:00,0.44
2025-04-16 08:38:00,0.5
2025-04-16 08:39:00,0.69
2025-04-16 08:40:00,0.99
2025-04-16 08:41:00,0.55
2025-04-16 08:42:00,0.4
2025-04-16 08:43:00,0.43
2025-04-16 08:44:00,0.58
2025-04-16 08:45:00,0.77
2025-04-16 08:46:00,0.73
2025-04-16 08:47:00,0.6
2025-04-16 08:48:00,0.41
2025-04-16 08:49:00,0.4
2025-04-16 08:50:00,0.48
2025-04-16 08:51:00,0.43
2025-04-16 08:52:00,0.61
2025-04-16 08:53:00,0.42
2025-04-16 08:54:00,0.75
2025-04-16 08:55:00,0.4
2025-04-16 08:56:00,0.55
2025-04-16 08:57:00,0.63
2025-04-16 08:58:00,0.41
2025-04-16 08:59:00,0.52
2025-04-17 08:00:00,0.4
2025-04-17 08:01:00,0.58
2025-04-17 08:02:00,0.64
2025-04-17 08:03:00,0.42
2025-04-17 08:04:00,0.69
2025-04-17 08:05:00,0.57
2025-04-17 08:06:00,0.66
2025-04-17 08:07:00,0.46
2025-04-17 08:08:00,1.1
2025-04-17 08:09:00,0.42
2025-04-17 08:10:00,0.74
2025-04-17 08:11:00,0.83
2025-04-17 08:12:00,0.83
2025-04-17 08:13:00,0.95
2025-04-17 08:14:00,0.42
2025-04-17 08:15:00,0.4
2025-04-17 08:16:00,0.89
2025-04-17 08:17:00,0.76
2025-04-17 08:18:00,0.4
2025-04-17 08:19:00,0.41
2025-04-17 08:20:00,0.56
2025-04-17 08:21:00,0.55
2025-04-17 08:22:00,0.45
2025-04-17 08:23:00,0.63
2025-04-17 08:24:00,0.74
2025-04-17 08:25:00,0.61
2025-04-17 08:26:00,0.94
2025-04-17 08:27:00,0.4
2025-04-17 08:28:00,0.41
2025-04-17 08:29:00,0.4
2025-04-17 08:30:00,0.63
2025-04-17 08:31:00,1.08
2025-04-17 08:32:00,0.55
2025-04-17 08:33:00,0.75
2025-04-17 08:34:00,0.54
2025-04-17 08:35:00,0.6
2025-04-17 08:36:00,0.57
2025-04-17 08:37:00,0.4
2025-04-17 08:38:00,0.56
2025-04-17 08:39:00,0.41
2025-04-17 08:40:00,0.44
2025-04-17 08:41:00,0.42
2025-04-17 08:42:00,0.49
2025-04-17 08:43:00,0.44
2025-04-17 08:44:00,0.82
2025-04-17 08:45:00,0.47
2025-04-17 08:46:00,0.4
2025-04-17 08:47:00,0.57
2025-04-17 08:48:00,0.69
2025-04-17 08:49:00,0.68
2025-04-17 08:50:00,1.26
2025-04-17 08:51:00,0.41
2025-04-17 08:52:00,0.43
2025-04-17 08:53:00,0.55
2025-04-17 08:54:00,0.43
2025-04-17 08:55:00,0.47
2025-04-17 08:56:00,0.6
2025-04-17 08:57:00,0.45
2025-04-17 08:58:00,0.67
2025-04-17 08:59:00,0.44
2025-04-18 08:00:00,0.95
2025-04-18 08:01:00,0.48
2025-04-18 08:02:00,0.42
2025-04-18 08:03:00,0.43
2025-04-18 08:04:00,0.41
2025-04-18 08:05:00,0.5
2025-04-18 08:06:00,0.4
2025-04-18 08:07:00,0.47
2025-04-18 08:08:00,0.83
2025-04-18 08:09:00,0.68
2025-04-18 08:10:00,0.77
2025-04-18 08:11:00,0.42
2025-04-18 08:12:00,0.41
2025-04-18 08:13:00,0.5
2025-04-18 08:14:00,0.48
2025-04-18 08:15:00,0.54
2025-04-18 08:16:00,0.44
2025-04-18 08:17:00,0.65
2025-04-18 08:18:00,0.44
2025-04-18 08:19:00,0.49
2025-04-18 08:20:00,0.4
2025-04-18 08:21:00,0.41
2025-04-18 08:22:00,0.47
2025-04-18 08:23:00,0.65
2025-04-18 08:24:00,0.43
2025-04-18 08:25:00,0.55
2025-04-18 08:26:00,0.42
2025-04-18 08:27:00,0.69
2025-04-18 08:28:00,0.65
2025-04-18 08:29:00,0.52
2025-04-18 08:30:00,0.58
2025-04-18 08:31:00,0.93
2025-04-18 08:32:00,0.58
2025-04-18 08:33:00,0.41
2025-04-18 08:34:00,0.46
2025-04-18 08:35:00,0.72
2025-04-18 08:36:00,0.42
2025-04-18 08:37:00,0.46
2025-04-18 08:38:00,0.4
2025-04-18 08:39:00,0.44
2025-04-18 08:40:00,1.28
2025-04-18 08:41:00,0.44
2025-04-18 08:42:00,0.47
2025-04-18 08:43:00,0.42
2025-04-18 08:44:00,0.4
2025-04-18 08:45:00,0.6
2025-04-18 08:46:00,0.72
2025-04-18 08:47:00,0.41
2025-04-18 08:48:00,0.7
2025-04-18 08:49:00,1.16
2025-04-18 08:50:00,0.4
2025-04-18 08:51:00,0.42
2025-04-18 08:52:00,0.73
2025-04-18 08:53:00,0.4
2025-04-18 08:54:00,0.41
2025-04-18 08:55:00,0.4
2025-04-18 08:56:00,0.62
2025-04-18 08:57:00,0.59
2025-04-18 08:58:00,0.97
2025-04-18 08:59:00,0.54
